课次,单元,日语词条,读音,词性,中文翻译
第2課,ユニット1,ええ,①,感,（表示对对方提问的肯定答复）是；是的
第2課,ユニット1,そう,①,副,那样；那么
第2課,ユニット1,じゃあ,①,接,（表示转换话题）那么
第2課,ユニット1,また,②,副,再见；再；又
第2課,ユニット1,-さん,,接尾,（接在人名等后面，略表尊敬及亲密之意）小（王）；老（王）
第2課,ユニット1,おはよう,①,早上好
第2課,ユニット1,こちら,①,名,（指代说话人近旁的人或方位）这位；这边；这个
第2課,ユニット1,昨日,きのう②,名,昨天
第2課,ユニット1,どうも,①,副,（加强感谢、道歉的语气）太；实在是
第2課,ユニット1,すみませんでした,④,（「すみません」的过去时）对不起
第2課,ユニット1,あれ,①,感,（表示吃惊或诧异）哎
第2課,ユニット1,知り合い,しりあい①,名,相识；熟人
第2課,ユニット1,ちょっと,①,副,稍微，些许，一点儿，一下
第2課,ユニット1,高校,こうこう①,名,高中
第2課,ユニット1,後輩,こうはい①,名,晚辈；学弟；学妹
第2課,ユニット1,今,いま①,名,现在
第2課,ユニット1,京華大学,きょうかだいがく④,固名,京华大学
第2課,ユニット1,大学,だいがく①,名,大学
第2課,ユニット1,語学留学生,ごがくりゅうがくせい⑥,名,语言留学生
第2課,ユニット1,語学,ごがく①①①,名,语言；外语
第2課,ユニット1,留学生,りゅうがくせい③,名,留学生
第2課,ユニット1,留学,りゅうがく①,名・自Ⅲ,留学
第2課,ユニット1,どうぞ,①,副,（表示对他人提出请求）请；恳请
第2課,ユニット1,よろしく,①,副,（寒暄用语）表示"请多关照"等意思
第2課,ユニット1,彼女,かのじょ①,名,她；女朋友
第2課,ユニット1,まあ,①,副,（表示虽不十分满意，但还差强人意）就（还）算是吧
第2課,ユニット1,解説,かいせつ①,名・他Ⅲ,解说；说明；解释；讲解
第2課,ユニット1,語彙,ごい①,名,词汇
第2課,ユニット1,音声,おんせい①,名,语音；发音
第2課,ユニット1,文法,ぶんぽう①,名,语法
第2課,ユニット1,表現,ひょうげん③,名・他Ⅲ,表达（方式）
第2課,ユニット1,か,,終助,（表示疑问）吗
第2課,ユニット1,は,,取立て助,（「は」发wa的音）用于提出（凸显）话题
第2課,ユニット1,ね,,終助,表示征求对方认同、确认的语气
第2課,ユニット2,家族,かぞく①,名,家；家人；家庭成员
第2課,ユニット2,写真,しゃしん①,名,照片；相片
第2課,ユニット2,ご-【御-】,,接頭,主要接在汉字音读名词前，表示对方的行为或与对方相关的事项，以示对对方的尊敬
第2課,ユニット2,何人,なんにん①,名,几个人
第2課,ユニット2,-人,-にん,接尾,（接在数量名词或动作性名词后面）（几人）；做……的）人
第2課,ユニット2,3人,さんにん③,名,3人
第2課,ユニット2,両親,りょうしん①,名,父母；双亲
第2課,ユニット2,一人っ子,ひとりっこ③,名,独生子女
第2課,ユニット2,一人,ひとり②,名,一个人
第2課,ユニット2,父,ちち①②,名,（我）父亲；（我）爸爸
第2課,ユニット2,サラリーマン,③,名,男性公司职员
第2課,ユニット2,母,はは①,名,（我）母亲；（我）妈妈
第2課,ユニット2,医者,いしゃ①,名,医生；大夫
第2課,ユニット2,祖母,そぼ①,名,祖母；外祖母；奶奶；姥姥
第2課,ユニット2,姉,あね①,名,（我）姐姐
第2課,ユニット2,弟,おとうと④,名,（我）弟弟
第2課,ユニット2,小学校,しょうがっこう③,名,小学
第2課,ユニット2,教員,きょういん①,名,教员；教师；老师
第2課,ユニット2,おばあさん【お祖母さん】,②,名,（「祖母」的敬称）祖母；外祖母；奶奶；姥姥
第2課,ユニット2,お母さん,おかあさん②,名,（「母親」的敬称。可用于直接称呼）母亲；妈；您母亲
第2課,ユニット2,おいくつ,①,名,（用于询问对方的年龄）几岁；多大年纪
第2課,ユニット2,お-,,接頭,敬语用法，表示对对方或第三者的尊敬；美化语用法，起修饰、使表达文雅的作用
第2課,ユニット2,いくつ,①,名,几岁；几个
第2課,ユニット2,17歳,じゅうななさい④,名,17岁
第2課,ユニット2,-歳,-さい,接尾,-岁
第2課,ユニット2,看護師,かんごし③,名,护士
第2課,ユニット2,この,①,連体,（指代说话人方面的人或事物等）这～
第2課,ユニット2,どなた,①,名,哪位；谁
第2課,ユニット2,その,①,連体,（指代对方附近或对方方面的人或事物等）那～
第2課,ユニット2,人,ひと①,名,人
第2課,ユニット2,婚約者,こんやくしゃ④③,名,订婚对象；未婚夫；未婚妻
第2課,ユニット2,婚約,こんやく①,名・自Ⅲ,婚约；订婚
第2課,ユニット2,-者,-しゃ,接尾,做/是……的人
第2課,ユニット2,恋人,こいびと①,名,恋人；对象；男朋友；女朋友
第2課,ユニット2,名前,なまえ①,名,名字；姓名
第2課,ユニット2,タマ,①,固名,（猫的名字）球球；圆子；团子
第2課,ユニット2,ええ,②,感,（表示疑问，带有吃惊的语气）哎
第2課,ユニット2,あの,①,連体,（指代远离说话人、听话人双方的事物）那～
第2課,ユニット2,どの,①,連体,哪个；哪～
第2課,ユニット2,と,,格助,（表示并列）和；与
第2課,ユニット3,読解文,どっかいぶん③,名,阅读理解的文章；课文
第2課,ユニット3,読解,どっかい①,名・他Ⅲ,阅读；阅读理解
第2課,ユニット3,文,ぶん①,名,文章；句子
第2課,ユニット3,皆さん,みなさん②,名,大家；各位
第2課,ユニット3,こんにちは,①,你好！
第2課,ユニット3,～よこそ,,,（用于欢迎对方的来访等）
第2課,ユニット3,学長,がくちょう①,名,大学校长
第2課,ユニット3,張光輝,ちょうこうき①-①,固名,（人名）张光辉
第2課,ユニット3,年,ねん,（用于计算年限或学年等）年
第2課,ユニット3,創立,そうりつ①,名・他Ⅲ,创立；创建；设立
第2課,ユニット3,総合大学,そうごうだいがく⑤,名,综合大学
第2課,ユニット3,総合,そうごう①,名・他Ⅲ,综合
第2課,ユニット3,現在,げんざい①,名,现在
第2課,ユニット3,学生数,がくせいすう③,名,学生人数
第2課,ユニット3,-数,-すう,接尾,数；数量
第2課,ユニット3,約,やく①,副,大约；大概（表示人数）
第2課,ユニット3,-名,-めい,接尾,（「-人」的郑重说法）一位；一名；一人
第2課,ユニット3,文系学部,ぶんけいがくぶ⑤,名,文科院系
第2課,ユニット3,理系学部,りけいがくぶ④,名,理科院系
第2課,ユニット3,その他,そのた②,名,其他；另外
第2課,ユニット3,大学院,だいがくいん④,名,研究生院
第2課,ユニット3,研究所,けんきゅうじょ/けんきゅうしょ①⑤,名,研究所
第2課,ユニット3,研究,けんきゅう①,名・他Ⅲ,研究
第2課,ユニット3,センター,①,名,中心
第2課,ユニット3,コース,①,名,学科；方向；路线
第2課,ユニット3,国際教育センター,こくさいきょういくセンター①-①,名,国际教育中心
第2課,ユニット3,国際,こくさい①,名,国际
第2課,ユニット3,教育,きょういく①,名・他Ⅲ,教育
第2課,ユニット3,一部,いちぶ②,名,一部分
第2課,ユニット3,主要科目,しゅようかもく④,名,主要科目
第2課,ユニット3,主要,しゅよう①,名・形Ⅱ,主要
第2課,ユニット3,科目,かもく①,名,科目
第2課,ユニット3,中国語,ちゅうごくご①,名,汉语；中文
第2課,ユニット3,発音,はつおん①,名・他Ⅲ,发音
第2課,ユニット3,聴解,ちょうかい①,名,听力
第2課,ユニット3,作文,さくぶん①,名・自Ⅲ,作文；写作
第2課,ユニット3,言葉,ことば③,名,语言；词汇；词；口语
第2課,ユニット3,勉強,べんきょう①,名・他Ⅲ,学习
第2課,ユニット3,日々,ひび①,名,每天；天天；平时
第2課,ユニット3,努力,どりょく①,名・自Ⅲ,努力
第2課,ユニット3,積み重ね,つみかさね①,名,积累
第2課,ユニット3,では,①,接,那么
第2課,ユニット3,の,,格助,表示同位关系
第3課,ユニット1,キャンパス・スケジュール,⑦,名,校园日程表
第3課,ユニット1,キャンパス,①,名,校园
第3課,ユニット1,スケジュール,③②,名,日程；日程表
第3課,ユニット1,売店,ばいてん①,名,小卖部；商店；小铺儿
第3課,ユニット1,どこ,①,名,哪里；哪儿
第3課,ユニット1,建物,たてもの②③,名,建筑；建筑物
第3課,ユニット1,え,①,感,表示吃惊或疑问；表示反问
第3課,ユニット1,白い,しろい②,形Ⅰ,白色（的）
第3課,ユニット1,あれ,①,名,（指代远离说话人、听话人双方的事物）那个
第3課,ユニット1,向こう,むこう②①,名,对面；那边
第3課,ユニット1,何,なん①,名,什么
第3課,ユニット1,どれ,①,名,哪个
第3課,ユニット1,大きい,おおきい③,形Ⅰ,大（的）
第3課,ユニット1,図書館,としょかん②,名,图书馆
第3課,ユニット1,立派,りっぱ①,形Ⅱ,好（的）；出色（的）；漂亮（的）；棒
第3課,ユニット1,ここ,①,名,这里
第3課,ユニット1,閲覧室,えつらんしつ③,名,阅览室
第3課,ユニット1,-室,-しつ,接尾,-室；房间
第3課,ユニット1,雑誌,ざっし①,名,杂志
第3課,ユニット1,検索用,けんさくよう①,名,检索用
第3課,ユニット1,-用,-よう,接尾,做……用
第3課,ユニット1,検索,けんさく①,名・他Ⅲ,检索
第3課,ユニット1,コンピューター,③,名,电脑；计算机
第3課,ユニット1,あそこ,①,名,（指代远离说话人、听话人双方的地点）那里
第3課,ユニット1,それから,①,接,（表示添加）另外；还有；之后；然后
第3課,ユニット1,貸し出しカウンター,かしだしカウンター⑥,名,借书处
第3課,ユニット1,貸し出し,かしだし①,名,借；借出
第3課,ユニット1,カウンター,①,名,柜台；接待处
第3課,ユニット1,そこ,①,名,（指代对方附近或属于对方范围内的地点）那里；那儿
第3課,ユニット1,あのう,①,感,（表示说话人跟对方讲话时的客气、不好意思或犹豫的心情）那个
第3課,ユニット1,お手洗い,おてあらい③,名,洗手间；厕所
第3課,ユニット1,手洗い,てあらい②,名,洗手；洗手间（厕所的委婉说法）
第3課,ユニット1,トイレ,①,名,厕所；洗手间
第3課,ユニット1,じゃ,①,接,（「では」的口语体用法）那么
第3課,ユニット1,も,,取立て助,（表示同类事物的添加或并列）也
第3課,ユニット2,授業,じゅぎょう①,名・自Ⅲ,授课；课
第3課,ユニット2,一コマ,ひとこま②,名,一节课
第3課,ユニット2,一-,ひと-,接頭,1～；1次～
第3課,ユニット2,コマ,こま①,名,一节课；一幕；一个画面
第3課,ユニット2,-分,-ふん,接尾,（时间单位）分钟
第3課,ユニット2,時間,じかん①,名,（时间单位）小时；时间
第3課,ユニット2,半,はん①,名,半；半个小时；30分钟
第3課,ユニット2,1時間目,いちじかんめ⑥,名,第一节课
第3課,ユニット2,-目,-め,接尾,（表示顺序、次数）第～
第3課,ユニット2,何時,なんじ①,名,几点
第3課,ユニット2,-時,-じ,接尾,（表示时间、时刻）～点；～时
第3課,ユニット2,朝,あさ①,名,早晨；早上
第3課,ユニット2,午後,ごご①,名,下午
第3課,ユニット2,だいたい【大体】,①,副・名,基本上；大约
第3課,ユニット2,今日,きょう①,名,今天
第3課,ユニット2,夕方,ゆうがた①,名,傍晚；黄昏
第3課,ユニット2,でも,①,接,不过；可是
第3課,ユニット2,木曜日,もくようび③,名,星期四
第3課,ユニット2,曜日,ようび①,名,星期一；一星期中的某一天
第3課,ユニット2,それ,①,名,（指代对方近旁或属于对方范围内的事物）那；那个
第3課,ユニット2,時間割表,じかんわりひょう⑤,名,课程表；时间表
第3課,ユニット2,時間割,じかんわり①,名,课程表；时间表
第3課,ユニット2,表,ひょう①,名,表；表格
第3課,ユニット2,ほら,①,感,（用于引起对方注意）嗨；嘿；喂
第3課,ユニット2,選択科目,せんたくかもく⑤,名,选修课
第3課,ユニット2,選択,せんたく①,名・他Ⅲ,选择
第3課,ユニット2,中国史,ちゅうごくし④,名,中国（历）史
第3課,ユニット2,-史,-し,接尾,-史
第3課,ユニット2,自習,じしゅう①,名・他Ⅲ,自习
第3課,ユニット2,火曜日,かようび②,名,星期二
第3課,ユニット2,大変,たいへん①,名・形Ⅱ・副,不得了；糟了；坏了；非常；很
第3課,ユニット2,あとで【後で】,①,待会儿（见）；等会儿（见）；再见
第3課,ユニット2,これ,①,名,（指代说话人近旁或属于说话人范围内的事物）这个
第3課,ユニット2,教科書,きょうかしょ③,名,教科书；教材
第3課,ユニット2,どんな,①,連体,什么样的；怎样的
第3課,ユニット2,とても,①,副,非常；很
第3課,ユニット2,厳しい,きびしい③,形Ⅰ,严厉（的）；严格（的）
第3課,ユニット2,から,,格助,（表示起点）从；自
第3課,ユニット2,が,,接助,（放在句尾，使语气显得柔和）不过；可是
第3課,ユニット2,まで,,格助,（表示到达点或动作、作用、状态的终结点、范围）到
第3課,ユニット3,研究発表会,けんきゅうはっぴょうかい⑦,名,研究发表会
第3課,ユニット3,発表,はっぴょう①,名・他Ⅲ,发表；宣读论文；发言；公布
第3課,ユニット3,交流,こうりゅう①,名・自Ⅲ,交流
第3課,ユニット3,開催,かいさい①,名・他Ⅲ,举办；召开
第3課,ユニット3,活動日,かつどうび③,名,活动日
第3課,ユニット3,金曜日,きんようび③,名,星期五
第3課,ユニット3,場所,ばしょ①,名,地点；场所；处所
第3課,ユニット3,留学生会館,りゅうがくせいかいかん⑦,名,留学生会馆
第3課,ユニット3,会館,かいかん①,名,会馆
第3課,ユニット3,-階,-かい,接尾,建筑物的楼层；-层
第3課,ユニット3,小会議室,しょうかいぎしつ⑤,名,小会议室
第3課,ユニット3,会議,かいぎ①,名・自Ⅲ,会议；开会
第3課,ユニット3,会長,かいちょう①,名,会长；董事长
第3課,ユニット3,専攻,せんこう①,名・他Ⅲ,专业；专攻
第3課,ユニット3,中国経済,ちゅうごくけいざい⑤,名,中国经济
第3課,ユニット3,卒業論文,そつぎょうろんぶん⑤,名,（本科生）毕业论文
第3課,ユニット3,卒業,そつぎょう①,名・自Ⅲ,毕业
第3課,ユニット3,論文,ろんぶん①,名,论文
第3課,ユニット3,テーマ,①,名,主题；题目
第3課,ユニット3,株式市場,かぶしきしじょう⑤,名,股票市场；股市
第3課,ユニット3,株式,かぶしき②,名,股；股票；股份
第3課,ユニット3,市場,しじょう①,名,市场
第3課,ユニット3,副会長,ふくかいちょう③,名,副会长
第3課,ユニット3,副-,ふく-,接頭,副-
第3課,ユニット3,知らせ,しらせ①,名,通知
第3課,ユニット3,日時,にちじ①,名,日期与时间
第3課,ユニット3,大集会室,だいしゅうかいしつ⑤,名,大集会室；大会议室；会议厅
第3課,ユニット3,大-,だい-,接頭,大～
第3課,ユニット3,集会,しゅうかい①,名・自Ⅲ,集会
第3課,ユニット3,会費,かいひ①,名,会费；会务费
第3課,ユニット3,会員,かいいん①,名,会员
第3課,ユニット3,元,げん①,名,（人民币单位）元
第3課,ユニット3,無料,むりょう①,名,免费
第3課,ユニット3,料理,りょうり①,名・他Ⅲ,菜；料理；烹饪
第3課,ユニット3,ギョーザ【餃子】,①,名,饺子
第3課,ユニット3,すし【寿司】,②①,名,寿司
第3課,ユニット3,や,,並助,（用于罗列、列举同类事物，但未穷尽）和
第3課,ユニット3,など【等】,,取立て助,（表示示例）等；等等
第4課,ユニット1,学習,がくしゅう①,名・他Ⅲ,学习
第4課,ユニット1,何,なに①,名,什么
第4課,ユニット1,助詞,じょし①,名,助词
第4課,ユニット1,指示語,しじご②,名,（日语语法中具有指示功能的）二老及系列词
第4課,ユニット1,漢字,かんじ①,名,汉字
第4課,ユニット1,簡単,かんたん①,形Ⅱ,简单（的）
第4課,ユニット1,じゃあ,①,副,那么
第4課,ユニット1,平仮名,ひらがな③,名,平假名
第4課,ユニット1,片仮名,かたかな③②,名,片假名
第4課,ユニット1,易しい,やさしい①③,形Ⅰ,容易（的）；简单（的）
第4課,ユニット1,どう,①,副,如何；怎样
第4課,ユニット1,あまり,②,副,（后接否定）（不）太；（不）～
第4課,ユニット1,アクセント,①,名,声调
第4課,ユニット1,聴解,ちょうかい①,名,听力；听解；听取
第4課,ユニット1,録音,ろくおん①,名・他Ⅲ,录音
第4課,ユニット1,ちょっと,①,副,稍微；一点儿
第4課,ユニット1,速い,はやい②,形Ⅰ,快（的）；迅速（的）
第4課,ユニット1,大丈夫,だいじょうぶ③,形Ⅱ,没问题（的）；可以
第4課,ユニット1,テスト,①,名・他Ⅲ,考试；测验
第4課,ユニット1,とても,①,副,（「とっても」的口语表达方式，有强调程度之甚的语气）很；非常
第4課,ユニット1,が,,格助,（接在体词或相当于体词的词语后）表示主语等
第4課,ユニット2,相互学習,そうごがくしゅう④,名,互学
第4課,ユニット2,相互,そうご①,名,互相
第4課,ユニット2,翻訳,ほんやく①,名・他Ⅲ,翻译；笔译
第4課,ユニット2,宿題,しゅくだい①,名,作业；任务
第4課,ユニット2,本当に,ほんとうに①,副,真；太
第4課,ユニット2,上手,じょうず③,名・形Ⅱ,棒（的）；好（的）；优秀（的）；出色（的）；巧妙（的）
第4課,ユニット2,まだまだ,①,副,（副词「まだ（尚未、还）」的重叠形式）表示强调
第4課,ユニット2,下手,へた②,名・形Ⅱ,差；不好；不行
第4課,ユニット2,とき【時】,②,名,时候；时间；时辰；年代
第4課,ユニット2,よい【良い】,①,形Ⅰ,好（的）（口语中常用「いい」的形式）
第4課,ユニット2,相手,あいて③,名,对方；伙伴；对手
第4課,ユニット2,いい,①,形Ⅰ,好（的）；优良（的）；不错（的）
第4課,ユニット2,1年間,いちねんかん③,名,一年
第4課,ユニット2,-年間,-ねんかん,接尾,~年时间
第4課,ユニット2,交換,こうかん①,名・他Ⅲ,交换
第4課,ユニット2,同じ,おなじ①,形Ⅱ,相同；一样
第4課,ユニット2,いえ,②,感,（意同「いいえ」，表示否定的语气）不
第4課,ユニット2,男性,だんせい①,名,男性
第4課,ユニット2,ぜひ【是非】,①,副,（表示希望实现的强烈愿望、心情）一定；务必
第4課,ユニット2,よ,,終助,表示说话人的断定、告知、叮嘱、命令、建议等语气
第4課,ユニット2,が,,接助,（连接具有对比关系的两个事项）~，但是~；~，可是~
第4課,ユニット2,ねえ,①,終助,「ね」的长音形式，表示强调
第4課,ユニット3,日記,にっき①,名,日记
第4課,ユニット3,最初,さいしょ①,名,最初；最早（的）
第4課,ユニット3,-週間,-しゅうかん,接尾,～周
第4課,ユニット3,引越し,ひっこし①,名・自Ⅲ,搬家
第4課,ユニット3,いろいろ【色色・色々】,①,形Ⅱ・副・名,各种各样；许多
第4課,ユニット3,手続き,てつづき②,名・他Ⅲ,手续
第4課,ユニット3,買い物,かいもの①,名・自Ⅲ,买东西；购物
第4課,ユニット3,履修登録,りしゅうとうろく④,名,选修登记；选课
第4課,ユニット3,履修,りしゅう①,名・他Ⅲ,选修
第4課,ユニット3,登録,とうろく①,名・他Ⅲ,登记；登录
第4課,ユニット3,忙しい,いそがしい④,形Ⅰ,忙（的）；忙碌（的）
第4課,ユニット3,注意,ちゅうい①,名・自他Ⅲ,注意；小心；提醒
第4課,ユニット3,必要,ひつよう①,形Ⅱ・名,必要；需要
第4課,ユニット3,担任,たんにん①,名・他Ⅲ,担任；担当；负责
第4課,ユニット3,みんな,③,名・副,都；大家
第4課,ユニット3,人たち,ひとたち②,名,人们
第4課,ユニット3,-たち,,接尾,（表示有生命物的复数）-们
第4課,ユニット3,特に,とくに①,副,尤其；特别
第4課,ユニット3,明日,あした③,名,明天
第4課,ユニット3,パートナー,①,名,伙伴；搭档
第4課,ユニット3,礼儀,れいぎ①,名,礼仪；礼节
第4課,ユニット3,正しい,ただしい③,形Ⅰ,正确（的）；正当（的）；符合要求（的）
第4課,ユニット3,残念ながら,ざんねんながら⑤,遗憾的是；只可惜
第4課,ユニット3,残念,ざんねん③,形Ⅱ,（令人）遗憾（的）；（令人）惋惜（的）
第4課,ユニット3,イケメン,①,名,（「イケる＋メン」的缩略说法）帅哥
第4課,ユニット3,ごめんなさい,⑤,（道歉用语）对不起
第5課,ユニット1,スマホ,④,名,智能手机
第5課,ユニット1,スマート,②,形Ⅱ,机敏；漂亮；苗条
第5課,ユニット1,フォン,①,名,电话
第5課,ユニット1,お菓子,おかし②,名,点心；糕点
第5課,ユニット1,果物,くだもの②,名,水果
第5課,ユニット1,買う,かう①,他Ⅰ,买；购买
第5課,ユニット1,僕,ぼく①,名,（男性自称）我
第5課,ユニット1,ほとんど,②,副・名,几乎；大部分；差不多
第5課,ユニット1,ネットショッピング,④,名,网络购物
第5課,ユニット1,ネット,①,名,（internet的省略说法）网络
第5課,ユニット1,ショッピング,①,名・自Ⅲ,购物
第5課,ユニット1,デリバリー,②,名・自Ⅲ,外卖
第5課,ユニット1,サッカー,①,名,足球
第5課,ユニット1,見る,みる①,他Ⅱ,看；观看
第5課,ユニット1,毎日,まいにち①,名,每天；天天
第5課,ユニット1,毎-,まい-,接頭,每～
第5課,ユニット1,聞く,きく①,他Ⅰ,听；问
第5課,ユニット1,ふだん【普段】,②,名,平时
第5課,ユニット1,やりとり,②,名,（物品、行为上的）互相往来
第5課,ユニット1,SNS,エスエヌエス⑤,名,（Social Network Software或Social Networking Services的省略说法）社交软件；社交网站
第5課,ユニット1,使う,つかう①,他Ⅰ,使用；用
第5課,ユニット1,メール,①①,名,邮件
第5課,ユニット1,連絡,れんらく①,名・自Ⅲ,联系；联络
第5課,ユニット1,提出,ていしゅつ①,名・他Ⅲ,提交；上交；提出
第5課,ユニット1,授業中,じゅぎょうちゅう①,名,上课时
第5課,ユニット1,-中,-ちゅう,接尾,（表示动作、状态等正在进行、持续过程当中）正……；……的时候
第5課,ユニット1,調べる,しらべる③,他Ⅱ,调查；查阅
第5課,ユニット1,たまに,③,副,偶尔
第5課,ユニット1,電話,でんわ①,名・自Ⅲ,电话
第5課,ユニット1,鳴る,なる①,自Ⅰ,响；发出声响
第5課,ユニット1,怒る,おこる②,自Ⅰ,生气；发火；不高兴；愤怒
第5課,ユニット1,もちろん【勿論】,②,副,当然
第5課,ユニット1,を,,格助,表示动作、作用的对象
第5課,ユニット1,が,,格助,表示动作、变化、状态的主体
第5課,ユニット2,カフェ,①,名,咖啡店
第5課,ユニット2,わあ,,感,（表示惊讶）哇
第5課,ユニット2,あと【後】,①,名・副,以后；之后；后面；其余；其他
第5課,ユニット2,行く,いく①,自Ⅰ,（到～）去
第5課,ユニット2,文化,ぶんか①,名,文化
第5課,ユニット2,春節,しゅんせつ①,名,春节
第5課,ユニット2,中秋節,ちゅうしゅうせつ③,名,中秋节
第5課,ユニット2,伝統,でんとう①,名,传统
第5課,ユニット2,行事,ぎょうじ①,名,传统节日；传统庆典
第5課,ユニット2,資料,しりょう①,名,资料
第5課,ユニット2,探す,さがす①,他Ⅰ,找；寻找
第5課,ユニット2,手伝う,てつだう③,他Ⅰ,帮助
第5課,ユニット2,-ごろ【-頃】,,接尾,（接时间词或年龄词后，表示大致的时间）左右；大约；大概
第5課,ユニット2,出る,でる①,自Ⅱ,出；出去；出发；出现；出席
第5課,ユニット2,終わる,おわる①,自他Ⅰ,结束
第5課,ユニット2,あっ,①,感,（表示惊讶）啊！
第5課,ユニット2,を,,格助,表示位移动作（移动）的出发点、起点或离开的地点
第5課,ユニット2,に,,格助,表示移动的目的地、终点或进行动作的时间等
第5課,ユニット2,とか,①,取立て助,（表示列举）……呀
第5課,ユニット3,研究科,けんきゅうか①,名,研究科目；研究专业；研究方向
第5課,ユニット3,-科,-か,接尾,~科
第5課,ユニット3,修士課程,しゅうしかてい④,名,硕士课程
第5課,ユニット3,課程,かてい①,名,课程
第5課,ユニット3,博士課程,はくしかてい④,名,博士课程
第5課,ユニット3,博士,はくし①,名,博士
第5課,ユニット3,学年,がくねん①,名,学年；年级
第5課,ユニット3,くらい【位】,①,取立て助,（表示程度）左右；大小
第5課,ユニット3,-未満,-みまん,接尾,未满……；不满……
第5課,ユニット3,-以上,-いじょう,接尾,……以上；超过……
第5課,ユニット3,機器,きき①,名,机器；仪器；器具
第5課,ユニット3,複数回答,ふくすうかいとう,名・自Ⅲ,多项选择
第5課,ユニット3,複数,ふくすう③,名,多次；多项；复数
第5課,ユニット3,回答,かいとう①,名・自Ⅲ,回答
第5課,ユニット3,可,か①,名,可以
第5課,ユニット3,タブレット,①③,名,（「タブレット型端末」的省略说法）平板电脑
第5課,ユニット3,情報収集,じょうほうしゅうしゅう⑤,名・自Ⅲ,收集信息
第5課,ユニット3,収集,しゅうしゅう①,名・他Ⅲ,收集
第5課,ユニット3,オンライン学習,オンラインがくしゅう①-①,名・自Ⅲ,在线学习；远程学习
第5課,ユニット3,オンライン,③,名,在线；线上
第5課,ユニット3,記事,きじ①,名,新闻报道
第5課,ユニット3,送る,おくる②,他Ⅰ,送；发送；寄（包裹等）
第5課,ユニット3,地図,ちず①,名,地图
第5課,ユニット3,天気,てんき①,名,天气；好天气
第5課,ユニット3,紙,かみ②,名,纸；纸张；纸质
第5課,ユニット3,新聞,しんぶん①,名,报纸
第5課,ユニット3,ラジオ,①,名,广播；收音机
第5課,ユニット3,ハガキ【葉書】,はがき①,名,明信片
第5課,ユニット3,ありがとうございました,②-④,（「ありがとうございます」的礼貌说法，过去时）谢谢
第5課,ユニット3,に,,格助,（表示附着于某物的表面）着落点，附着点
第6課,ユニット1,スピーチコンテスト,⑤,名,演讲比赛
第6課,ユニット1,スピーチ,②,名,演讲；致辞；讲话
第6課,ユニット1,コンテスト,①,名,比赛；大赛
第6課,ユニット1,応援,おうえん①,名・他Ⅲ,声援；支持
第6課,ユニット1,おかえりなさい,⑥,（「おかえり」的礼貌说法）欢迎回来
第6課,ユニット1,戻る,もどる②,自Ⅰ,回；返回
第6課,ユニット1,留守,るす①,名・自Ⅲ,不在家；看家
第6課,ユニット1,いえ,②,感,（「いえ」的口语形式）不
第6課,ユニット1,二等賞,にとうしょう②,名,二等奖
第6課,ユニット1,-賞,-しょう,接尾,-奖
第6課,ユニット1,準優勝,じゅんゆうしょう③,名,亚军
第6課,ユニット1,準-,じゅん-,接頭,准～；亚军～
第6課,ユニット1,素晴らしい,すばらしい④,形Ⅰ,很棒（的）；厉害（的）
第6課,ユニット1,指導,しどう①,名・他Ⅲ,指导
第6課,ユニット1,お疲れさまでした,⑦,（您）辛苦了
第6課,ユニット1,頑張る,がんばる③,自他Ⅰ,努力；加油
第6課,ユニット1,今年,ことし①,名,今年
第6課,ユニット1,世界中,せかいじゅう①,名,全世界
第6課,ユニット1,-中,-じゅう,接尾,全～；整个～
第6課,ユニット1,優秀,ゆうしゅう①,名・形Ⅱ,出色（的）；优秀（的）；好（的）
第6課,ユニット1,集まる,あつまる③,自Ⅰ,集中；集合；聚集
第6課,ユニット1,最高,さいこう①,名・形Ⅱ,最高；最棒；最厉害
第6課,ユニット1,レベル,①,名,水平；层次
第6課,ユニット1,大勢,おおぜい③,名・副,许多（人）；很多（的人）
第6課,ユニット1,席,せき①,名,座位
第6課,ユニット1,足りる,たりる①,自Ⅱ,足；够
第6課,ユニット1,会う,あう①,自Ⅰ,会面；见面
第6課,ユニット1,どこか,①,名,（用于虚指）某处；什么地方
第6課,ユニット1,紅葉,もみじ①,名,红叶；枫叶
第6課,ユニット1,案内,あんない①,名・他Ⅲ,带路；引领；指南
第6課,ユニット1,すごい,②,形Ⅰ,了不起（的）；很棒（的）
第6課,ユニット1,おかげさまで,①,（表示对对方的感谢）托您的福
第6課,ユニット1,息子,むすこ①,名,儿子
第6課,ユニット1,来年,らいねん①,名,来年；明年
第6課,ユニット1,秋,あき①,名,秋；秋天；秋季
第6課,ユニット1,西安,せいあん①,固名,西安
第6課,ユニット1,文学,ぶんがく①,名,文学
第6課,ユニット1,か,,取立て助,接疑问词后，表示不确定、非特定之义
第6課,ユニット1,も,,取立て助,都～
第6課,ユニット1,か,,接助,表示选择，……或……
第6課,ユニット2,アフレコ,①,名・自Ⅲ,配音
第6課,ユニット2,カラオケ大会,カラオケたいかい⑤,名,卡拉OK比赛
第6課,ユニット2,カラオケ,①,名,卡拉OK
第6課,ユニット2,大会,たいかい①,名,大会；比赛
第6課,ユニット2,各国,かっこく①①,名,各国
第6課,ユニット2,各-,かく-,接頭,各-
第6課,ユニット2,模擬店,もぎてん①②,名,模拟店铺；模拟摊位
第6課,ユニット2,出す,だす①,他Ⅰ,出；摆出；拿出；提出；提交
第6課,ユニット2,好评,こうひょう①,名・形Ⅱ,好评；受到好评
第6課,ユニット2,全部,ぜんぶ①,名・副,全部
第6課,ユニット2,回る,まわる①,自Ⅰ,转；绕
第6課,ユニット2,中華料理,ちゅうかりょうり④,名,中国菜；中餐
第6課,ユニット2,中華,ちゅうか①,名,（「中華料理」的省略说法）中国菜；中餐
第6課,ユニット2,韓国料理,かんこくりょうり⑤,名,韩国菜；韩国料理；韩餐
第6課,ユニット2,タイ料理,タイりょうり③,名,泰国菜
第6課,ユニット2,タイ,①,固名,泰国
第6課,ユニット2,マレーシア料理,マレーシアりょうり⑥,名,马来西亚菜
第6課,ユニット2,マレーシア,②,固名,马来西亚
第6課,ユニット2,インド料理,インドりょうり④,名,印度菜
第6課,ユニット2,インド,①,固名,印度
第6課,ユニット2,苦しい,くるしい③,形Ⅰ,痛苦（的）；难受（的）；艰难（的）
第6課,ユニット2,を,,格助,表示移动的范围
第6課,ユニット3,日本語学科だより,にほんごがっかだより⑧,名,日语专业通讯
第6課,ユニット3,-だより【-便り】,,接尾,～通讯
第6課,ユニット3,日本行き,にほんゆき①,名,前往日本
第6課,ユニット3,-行き,-ゆき,接尾,去～；前往～；开往～
第6課,ユニット3,飛行機,ひこうき②,名,飞机
第6課,ユニット3,乗る,のる①,自Ⅰ,乘；乘坐；骑
第6課,ユニット3,成田空港,なりたくうこう④,固名,成田机场（东京国际机场）
第6課,ユニット3,成田,なりた①,固名,成田（位于日本千叶县）
第6課,ユニット3,空港,くうこう①,名,机场；（航）空港
第6課,ユニット3,着く,つく①,自Ⅰ,到；到达
第6課,ユニット3,初めて,はじめて②,副,初次；第一次
第6課,ユニット3,話しかける,はなしかける⑤,自Ⅱ,搭话；跟～讲话
第6課,ユニット3,通じる,つうじる⓪,自Ⅱ,通；沟通；精通
第6課,ユニット3,ショック,①,名,打击；冲击
第6課,ユニット3,リムジンバス,⑤,名,班车；机场大巴；豪华大巴
第6課,ユニット3,国際交流会館,こくさいこうりゅうかいかん⑨,名,国际交流会馆
第6課,ユニット3,不安,ふあん⓪,名・形Ⅱ,不安（的）；担心
第6課,ユニット3,始まる,はじまる⓪,自Ⅰ,开始
第6課,ユニット3,同級生,どうきゅうせい③,名,同学
第6課,ユニット3,一所懸命,いっしょけんめい④,名・形Ⅱ,拼命；全力以赴
第6課,ユニット3,ホームステイ,⑤,名・自Ⅲ,留学生等寄宿在当地人家里
第6課,ユニット3,工場見学,こうじょうけんがく⑤,名,参观工厂
第6課,ユニット3,工場,こうじょう③,名,工厂
第6課,ユニット3,見学,けんがく⓪,名・他Ⅲ,参观学习
第6課,ユニット3,新幹線,しんかんせん③,名,新干线
第6課,ユニット3,経験,けいけん⓪,名・他Ⅲ,经验；经历
第6課,ユニット3,地域,ちいき①,名,地区；区域
第6課,ユニット3,中学校,ちゅうがっこう③,名,中学；初中
第6課,ユニット3,訪問,ほうもん⓪,名・他Ⅲ,访问
第6課,ユニット3,生徒,せいと①,名,（高中、中小学）学生
第6課,ユニット3,クラブ,①,名,俱乐部；（学校的）课外活动（小组）
第6課,ユニット3,参加,さんか⓪,名・自Ⅲ,参加
第6課,ユニット3,たくさん,⓪③,名・副,很多；大量
第6課,ユニット3,話す,はなす②,自Ⅰ,说话；告诉；陈述
第6課,ユニット3,アルバイト,③,名・自Ⅲ,打工；勤工助学
第6課,ユニット3,一緒,いっしょ①,名,一起；一样
第6課,ユニット3,富士山,ふじさん①,固名,富士山
第6課,ユニット3,登る,のぼる①,自Ⅰ,上；登；爬；攀爬
第6課,ユニット3,登山客,とざんきゃく②,名,登山者
第6課,ユニット3,登山,とざん①①,名・自Ⅲ,登山；爬山
第6課,ユニット3,客,きゃく①,名,客；客人
第6課,ユニット3,今度,こんど①,名,这次；这回；下次
第6課,ユニット3,山頂,さんちょう①,名,山顶
第6課,ユニット3,景色,けしき①,名,景色；风景
第6課,ユニット3,一生,いっしょう①,名,一生
第6課,ユニット3,思い出,おもいで①,名,回忆
第6課,ユニット3,ほか,①,名,其他
第6課,ユニット3,水ギョーザ,すいギョーザ③,名,水饺
第6課,ユニット3,作る,つくる②,他Ⅰ,制作；做
第6課,ユニット3,大人気,だいにんき③,名・形Ⅱ,超有人气；超受欢迎
第6課,ユニット3,期間中,きかんちゅう①,名,在……期间
第6課,ユニット3,期間,きかん①,名,期间
第6課,ユニット3,久しぶり,ひさしぶり①⑤,名・形Ⅱ,许久；好久；隔了很长时间
第6課,ユニット3,夢,ゆめ②,名,梦；理想
第6課,ユニット3,日本語教師,にほんごきょうし⑤,名,日语教师
第6課,ユニット3,教師,きょうし①,名,教师
第6課,ユニット3,一か月間,いっかげつかん,接尾,（几）个月
第6課,ユニット3,こと【事】,②,名,事；事情；情况
第6課,ユニット3,現実,げんじつ①,名,现实
第6課,ユニット3,近づく,ちかづく③①,自Ⅰ,接近
第6課,ユニット3,そして,①,接续,然后；于是
第6課,ユニット3,へ,,格助,（发e的音）表示移动的方向
第7課,ユニット1,天安門,てんあんもん③,固名,天安门
第7課,ユニット1,故宮,こきゅう①,固名,故宫
第7課,ユニット1,景山公園,けいざんこうえん⑤,固名,景山公园
第7課,ユニット1,王府井,ワンフーチン③,固名,王府井
第7課,ユニット1,分かる,わかる②,自Ⅰ,懂；明白；了解；理解
第7課,ユニット1,タクシー,①,名,出租车；计程车；的士
第7課,ユニット1,さあ,①,感,表示建议或催促
第7課,ユニット1,肖像画,しょうぞうが①,名,肖像画
第7課,ユニット1,肖像,しょうぞう①,名,肖像
第7課,ユニット1,-画,-が,接尾,-画
第7課,ユニット1,ある,①,自Ⅰ,（无生命事物）有；存在
第7課,ユニット1,正面,しょうめん③,名,正面
第7課,ユニット1,天安門広場,てんあんもんひろば⑦,固名,天安门广场
第7課,ユニット1,広場,ひろば①,名,广场
第7課,ユニット1,人民大会堂,じんみんだいかいどう⑦,固名,人民大会堂
第7課,ユニット1,人民,じんみん③,名,人民
第7課,ユニット1,会堂,かいどう①,名,礼堂；教堂
第7課,ユニット1,西側,にしがわ①,名,西侧
第7課,ユニット1,西,にし①,名,西
第7課,ユニット1,-側,-がわ,接尾,-侧
第7課,ユニット1,城楼,じょうろう①,名,城楼
第7課,ユニット1,見える,みえる②,自Ⅱ,看得见；看得到
第7課,ユニット1,さ,①,感,（意同「さあ」）表示建议或催促
第7課,ユニット1,北,きた②,名,北
第7課,ユニット1,楽しみ,たのしみ③④①,名・形Ⅱ,乐趣；期待；期盼
第7課,ユニット1,私たち,わたしたち③,名,我们
第7課,ユニット1,中心,ちゅうしん①,名,中心
第7課,ユニット1,いる,①,自Ⅱ,（人或动物）有；在
第7課,ユニット1,下,した②,名,下；下面
第7課,ユニット1,観光客,かんこうきゃく③,名,游客
第7課,ユニット1,観光,かんこう①,名・他Ⅲ,观光；旅游
第7課,ユニット1,では,①,接,（「それでは」的口语表达方式）那么
第7課,ユニット1,-枚,-まい,接尾,（计算照片、纸张等的量词）张
第7課,ユニット1,撮る,とる①,他Ⅰ,拍（照片）；照（相）
第7課,ユニット1,はい,①,感,表示提醒对方注意
第7課,ユニット1,チーズ,①,名,干酪；奶酪
第7課,ユニット1,に,,格助,表示存在的场所
第7課,ユニット1,の,,準体,接在谓语句后面，可以将句子名词化，或构成其他句式
第7課,ユニット2,本場,ほんば①,名,地道；本土
第7課,ユニット2,そろそろ,①,副,快（接近）；将要（到）
第7課,ユニット2,なる,①,自Ⅰ,到；成为；变成
第7課,ユニット2,北京ダック,ペキンダック④,固名,北京烤鸭
第7課,ユニット2,混む,こむ①,自Ⅰ,拥挤；人多
第7課,ユニット2,する,①,他Ⅲ,（Nにする）决定；要；选择
第7課,ユニット2,まず,①,副,首先；先
第7課,ユニット2,豚足,とんそく①,名,猪蹄；蹄筋
第7課,ユニット2,肌,はだ①,名,皮肤
第7課,ユニット2,お酒,おさけ①,名,酒（礼貌说法，有时特指日本酒）
第7課,ユニット2,酒,さけ①,名,酒
第7課,ユニット2,ビール,①,名,啤酒
第7課,ユニット2,いただく,いただく①,他Ⅰ,领受；得到；（吃饭前用语）我要吃了
第7課,ユニット2,お口に合う,おくちにあう④,合口味
第7課,ユニット2,口,くち①,名,嘴；口味
第7課,ユニット2,合う,あう①,自Ⅰ,合；适合
第7課,ユニット2,お腹いっぱい,おなかいっぱい①,我吃饱了。
第7課,ユニット2,腹,はら①,名,肚子
第7課,ユニット2,いっぱい,①,形Ⅱ・副,满满（的）；饱饱（的）
第7課,ユニット2,スカート,②,名,裙子
第7課,ユニット2,きつい,②,形Ⅰ,紧；勒
第7課,ユニット2,なんか,①,取立て助,举出一例，暗示其它亦可
第7課,ユニット2,まで,,格助,表示期限
第7課,ユニット3,万里の長城,ばんりのちょうじょう①-③,固名,（特指中国的万里长城）万里长城
第7課,ユニット3,長城,ちょうじょう③,名,长城
第7課,ユニット3,世界的,せかいてき①,形Ⅱ,世界上；世界性
第7課,ユニット3,世界,せかい①,名,世界
第7課,ユニット3,-的,-てき,接尾,（接汉语名词后，构成Ⅱ类形容词的词干）表示具有某种性质、状态等
第7課,ユニット3,建物,たてもの②③,名,建筑物
第7課,ユニット3,建築,けんちく①,名・他Ⅲ,建筑
第7課,ユニット3,-物,-ぶつ,接尾,~物
第7課,ユニット3,世界遺産,せかいいさん⑤,名,世界遗产
第7課,ユニット3,遺産,いさん①,名,遗产
第7課,ユニット3,長さ,ながさ①,名,长度
第7課,ユニット3,-さ,,接尾,（前接形容词词干，构成名词）表示性质、程度等
第7課,ユニット3,東,ひがし①,名,东；东方；东边
第7課,ユニット3,山海关,さんかんかん③,固名,山海关
第7課,ユニット3,嘉峪关,かよくかん③,固名,嘉峪关
第7課,ユニット3,キロ,①,名,千米；公里
第7課,ユニット3,キロ,①,（计量单位）千；千克；公斤
第7課,ユニット3,メートル,①,名,（长度单位）米
第7課,ユニット3,昔,むかし①,名,从前；过去；曾经
第7課,ユニット3,軍事施設,ぐんじしせつ④,名,军事设备；军事设施
第7課,ユニット3,軍事,ぐんじ①,名,军事
第7課,ユニット3,設備,せつび①,名・他Ⅲ,设备；装备
第7課,ユニット3,春秋戦国時代,しゅんじゅうせんごくじだい①-⑤,固名,春秋战国时代
第7課,ユニット3,戦国,せんごく①①,名,战国
第7課,ユニット3,時代,じだい①,名,时代
第7課,ユニット3,国内,こくない②,名,国内
第7課,ユニット3,小国,しょうこく①,名,小国
第7課,ユニット3,それぞれ,②,名・副,分别；各个
第7課,ユニット3,国王,こくおう③,名,国王
第7課,ユニット3,周り,まわり①,名,周围；周边
第7課,ユニット3,城壁,じょうへき①,名,城墙
第7課,ユニット3,外敵,がいてき①,名,外敌；入侵者
第7課,ユニット3,防ぐ,ふせぐ②,他Ⅰ,防御；抵御
第7課,ユニット3,紀元前,きげんぜん④②,名,公元前
第7課,ユニット3,-前,-ぜん,接尾,~前
第7課,ユニット3,秦,しん①,固名,（姓）秦；秦朝
第7課,ユニット3,統一,とういつ①,名・他Ⅲ,统一
第7課,ユニット3,つなぐ【繋ぐ】,①,他Ⅰ,系；拴；连接
第7課,ユニット3,秦王朝,しんおうちょう③,固名,秦朝
第7課,ユニット3,王朝,おうちょう①,名,王朝
第7課,ユニット3,皇帝,こうてい①,名,皇帝
第7課,ユニット3,工事,こうじ①,名・自Ⅲ,施工；工程
第7課,ユニット3,続ける,つづける①,他Ⅱ,继续；持续
第7課,ユニット3,世紀,せいき①,名,世纪
第7課,ユニット3,ようやく,①,副,终于
第7課,ユニット3,今日,こんにち①,名,（「きょう」的郑重表达方式）今天；现在
第7課,ユニット3,国内外,こくないがい③,名,国内外；海内外
第7課,ユニット3,訪れる,おとずれる④,他Ⅱ,访问；到来
第7課,ユニット3,壮大,そうだい⓪,名・形Ⅱ,宏伟；壮观
第7課,ユニット3,楽しむ,たのしむ③,他Ⅰ,享受
第7課,ユニット3,過去,かこ①,名,过去；以前
第7課,ユニット3,想像,そうぞう⓪,名・他Ⅲ,想象
第8課,ユニット1,さっき,①,名・副,刚才
第8課,ユニット1,自習室,じしゅうしつ②,名,自习室
第8課,ユニット1,もしもし,①,感,（用于打电话时）喂
第8課,ユニット1,ずっと,①,副,一直
第8課,ユニット1,引く,ひく①,他Ⅰ,查（词典）（「辞書を引く」）
第8課,ユニット1,クリック,②①,名・他Ⅲ,点击
第8課,ユニット1,ファイル,①,名・他Ⅲ,文件；档案；归档
第8課,ユニット1,言う,いう①②,他Ⅰ,说；叫；讲
第8課,ユニット1,助かる,たすかる③,自Ⅰ,得救；获救；救助
第8課,ユニット1,どういたしまして,①-④,不谢；不客气
第8課,ユニット1,かかる,②,自Ⅰ,花；花费
第8課,ユニット1,って,,取立て助,（用于口语）表示话题
第8課,ユニット1,と,,格助,（后接表示言语、思考等意义的动词）表示言语、思考的内容
第8課,ユニット2,オンライン決済,オンラインけっさい⑥,名,在线支付
第8課,ユニット2,決済,けっさい①,名・他Ⅲ,支付；结算；决算
第8課,ユニット2,夕食,ゆうしょく①,名,晚饭；晚餐
第8課,ユニット2,もう,①,副,已经
第8課,ユニット2,銀行口座,ぎんこうこうざ⑤,名,银行账户
第8課,ユニット2,口座,こうざ①,名,账户
第8課,ユニット2,開く,ひらく②,他Ⅰ,打开；开设；开（幕、会）
第8課,ユニット2,マイページ,③,名,个人主页
第8課,ユニット2,マイ-,接頭,个人（的）；私人（的）；专属（的）
第8課,ユニット2,ページ,①,名,页；页码
第8課,ユニット2,押す,おす①,他Ⅰ,推；压；按
第8課,ユニット2,カード,①,名,卡；卡片
第8課,ユニット2,選ぶ,えらぶ②,他Ⅰ,选择；选；挑选
第8課,ユニット2,入力,にゅうりょく①,名・他Ⅲ,输入
第8課,ユニット2,詳しい,くわしい③,形Ⅰ,详细；熟知；精通
第8課,ユニット2,カート,①,名,购物车；手推车
第8課,ユニット2,入れる,いれる①,他Ⅱ,放入；输入；沏（茶）
第8課,ユニット2,タップ,①,名・他Ⅲ,轻叩；轻轻点击
第8課,ユニット2,ボタン,①,名,按钮；按键；纽扣
第8課,ユニット2,次に,つぎに②,副,然后；接着；其次；下一个；第二次
第8課,ユニット2,住所,じゅうしょ①,名,住址
第8課,ユニット2,電話番号,でんわばんごう④,名,电话号码
第8課,ユニット2,番号,ばんごう③,名,号码；顺序
第8課,ユニット2,暗証番号,あんしょうばんごう⑤,名,密码
第8課,ユニット2,暗証,あんしょう①,名,用于密码的数字或文字
第8課,ユニット2,できる,②,自Ⅱ,产生；出现；完成；能够；构成
第8課,ユニット2,中国通,ちゅうごくつう①,名,中国通
第8課,ユニット2,-通,-つう,接尾,-通；熟知-的人
第8課,ユニット3,無沙汰,ぶさた①,名・自Ⅲ,久疏问候；久违
第8課,ユニット3,お世話,おせわ①,名・他Ⅲ,照顾；照料
第8課,ユニット3,世話,せわ①,名・他Ⅲ,照顾；照料
第8課,ユニット3,体験,たいけん①,名・他Ⅲ,体验
第8課,ユニット3,報告,ほうこく①,名・他Ⅲ,报告
第8課,ユニット3,経験,けいけん⓪,名・他Ⅲ,经验；经历
第8課,ユニット3,各地,かくち①,名,各地
第8課,ユニット3,充実,じゅうじつ①,名・自Ⅲ,充实
第8課,ユニット3,国際,こくさい①,名,国际
第8課,ユニット3,大多数,だいたすう④③,名,大多数
第8課,ユニット3,住む,すむ①,自Ⅰ,住；居住
第8課,ユニット3,二人部屋,ふたりべや①,名,双人房间
第8課,ユニット3,二人,ふたり③,名,两个人
第8課,ユニット3,ルームメート,④,名,室友
第8課,ユニット3,ルーム,①,名,房间
第8課,ユニット3,予習,よしゅう①,名・他Ⅲ,预习
第8課,ユニット3,空時間,くうじかん③,名,空闲时间
第8課,ユニット3,ベンチ,①,名,长椅
第8課,ユニット3,座る,すわる①,自Ⅰ,坐
第8課,ユニット3,毎週,まいしゅう①,名,每周
第8課,ユニット3,彼,かれ①,名,他；男朋友
第8課,ユニット3,彼ら,かれら①,名,他们
第8課,ユニット3,-ら,,接尾,（表示复数）～们
第8課,ユニット3,教える,おしえる①,他Ⅱ,教；告诉
第8課,ユニット3,習う,ならう②,他Ⅰ,学习
第9課,ユニット1,いくら,①,名,多少；多少钱
第9課,ユニット1,円,えん①,名,日元；圆；圆圈
第9課,ユニット1,する,①,自Ⅲ,价值～
第9課,ユニット1,和英,わえい①,固名,日英
第9課,ユニット1,英和,えいわ①,固名,英日
第9課,ユニット1,辞典,じてん①,名,辞典
第9課,ユニット1,-か国語,-かこくご,接尾,（几）国语言
第9課,ユニット1,-か国,-かこく,接尾,（几）个国家
第9課,ユニット1,見せる,みせる②,他Ⅱ,让看；给看
第9課,ユニット1,そちら,①,名,那个；那位
第9課,ユニット1,も,,取立て助,（接数量词后，强调数量之多、程度之高）竟；竟然
第9課,ユニット1,だけ,,取立て助,只；仅
第9課,ユニット1,しか,,取立て助,（与否定呼应使用，接在数量词后面时表少量）只；仅仅
第9課,ユニット1,わね,,終助,表示轻微的感叹与征求对方认同的语气
第9課,ユニット2,説明書,せつめいしょ①,名,说明书
第9課,ユニット2,買う,かう①,他Ⅰ,买；购买
第9課,ユニット2,必ず,かならず①,副,一定；必定
第9課,ユニット2,保管,ほかん①,名・他Ⅲ,保存；保管
第9課,ユニット2,基本,きほん①,名,基本
第9課,ユニット2,操作,そうさ①,名・他Ⅲ,操作
第9課,ユニット2,本体,ほんたい①,名,本体；机体
第9課,ユニット2,単4電池,たんよんでんち④,名,7号电池
第9課,ユニット2,電池,でんち①,名,电池
第9課,ユニット2,電源,でんげん①,名,电源
第9課,ユニット2,キー,①,名,键；按钮；钥匙
第9課,ユニット2,種類,しゅるい①,名,种类
第9課,ユニット2,ローマ字,ローマじ④,名,拉丁文字；罗马字
第9課,ユニット2,モード,①,名,方式；形式；模式
第9課,ユニット2,切り替える,きりかえる④③,他Ⅱ,替换；切换；转换
第9課,ユニット2,訳語,やくご①,名,译词
第9課,ユニット2,現れる,あらわれる④,自Ⅱ,出现
第9課,ユニット2,拡大,かくだい①,名・自他Ⅲ,扩大；放大
第9課,ユニット2,戻す,もどす②,他Ⅰ,返回；退回；放回
第9課,ユニット2,元,もと①①,名,原来；原因；来源；根本；基础
第9課,ユニット2,大きさ,おおきさ①,名,大小；尺寸
第9課,ユニット2,画面,がめん①①,名,画面
第9課,ユニット2,上下,じょうげ①,名・自Ⅲ,上下（移动）
第9課,ユニット2,動かす,うごかす③,他Ⅰ,移动；挪动
第9課,ユニット2,使用,しよう①,名・他Ⅲ,使用
第9課,ユニット2,間違い,まちがい③,名,错误；失误
第9課,ユニット2,削除,さくじょ①,名・他Ⅲ,删除
第9課,ユニット2,ずつ,,取立て助,各；每
第10課,ユニット1,ルール,①,名,规则；规定
第10課,ユニット1,DVD,ディーイーディー⑤,名,（digital video disc的省略说法）DVD；数字激光视盘
第10課,ユニット1,知る,しる⓪,他Ⅰ,知道；认识
第10課,ユニット1,しかた,①,名,办法；方法
第10課,ユニット1,気にする,きにする⓪,介意；在乎
第10課,ユニット1,気,き⓪,名,气；意识；心情
第10課,ユニット1,ポスター,①,名,广告宣传画；招贴画
第10課,ユニット1,貼る,はる⓪,他Ⅰ,贴；张贴
第10課,ユニット1,マージャン【麻雀】,①①,名,麻将
第10課,ユニット1,ごみ,②,名,垃圾
第10課,ユニット1,捨てる,すてる⓪,他Ⅱ,扔；丢弃
第10課,ユニット1,当たり前,あたりまえ⓪,名・形Ⅱ,当然；理所当然
第10課,ユニット1,もう,①,感,说话人因愤慨、失望等哑口无言的状态
第10課,ユニット1,違う,ちがう⓪,自Ⅰ,不同；不一致；不对
第10課,ユニット1,から,,接助,（连接两个分句，表示原因、理由）因为
第10課,ユニット2,どうして,①,副,为什么
第10課,ユニット2,以降,いこう①,名,以降；之后；以后
第10課,ユニット2,気をつける,きをつける④,多加小心；注意
第10課,ユニット2,つける【付ける】,②,他Ⅱ,贴；粘；附着；安装
第10課,ユニット2,続き,つづき①,名,后续部分；未完部分；未完待续
第10課,ユニット2,おやすみなさい【お休みなさい】,⑥,晚安
第10課,ユニット3,食事,しょくじ③,名・自Ⅲ,吃饭；餐食；饮食
第10課,ユニット3,マナー,①,名,礼节；礼仪
第10課,ユニット3,比較,ひかく①,名・他Ⅲ,比较
第10課,ユニット3,アジア人,アジアじん③,名,亚洲人
第10課,ユニット3,アジア,①,固名,亚洲
第10課,ユニット3,隣人,りんじん①,名,邻居；周围的人
第10課,ユニット3,しかし,②,接,但是；然而
第10課,ユニット3,習慣,しゅうかん①,名,习惯
第10課,ユニット3,ごちそうさま【御馳走様】,⑥,（饭后用语）我吃好了；谢谢款待
第10課,ユニット3,ごちそう【御馳走】,①,名・他Ⅲ,款待；丰盛的饭菜；好吃的
第10課,ユニット3,どちら,①,名,（二者中的）哪一方
第10課,ユニット3,箸,はし①,名,筷子
第10課,ユニット3,刺す,さす①,他Ⅰ,插；刺入
第10課,ユニット3,-センチ,,接尾,厘米；公分
第10課,ユニット3,縦,たて①,名,竖；垂直；纵向
第10課,ユニット3,短い,みじかい③,形Ⅰ,短（的）
第10課,ユニット3,横向き,よこむき①,名,横向
第10課,ユニット3,麺類,めんるい①,名,面条
第10課,ユニット3,立てる,たてる②,他Ⅱ,使立起；使发出
第10課,ユニット3,乾杯,かんぱい①,名・自Ⅲ,干杯
第10課,ユニット3,ごちそうになる【御馳走になる】,⑥,承蒙款待
第11課,ユニット1,誘い,さそい①,名,邀请
第11課,ユニット1,こんばんは【今晚は】,⑤,晚上好
第11課,ユニット1,京劇,きょうげき①,名,京剧
第11課,ユニット1,大好き,だいすき①,名・形Ⅱ,特别喜欢；非常喜欢
第11課,ユニット1,実は,じつは②,副,实际上；说老实话
第11課,ユニット1,舞台,ぶたい①,名,舞台
第11課,ユニット1,嬉しい,うれしい③,形Ⅰ,高兴（的）；令人喜悦（的）
第11課,ユニット1,演目,えんもく①,名,上演的节目；剧目
第11課,ユニット1,白蛇伝,はくじゃでん③,固名,白蛇传
第11課,ユニット1,話,はなし③,名,话；故事
第11課,ユニット1,人間,にんげん①,名,人；人类
第11課,ユニット1,白蛇,しろへび①,名,白蛇
第11課,ユニット1,青蛇,あおへび①,名,青蛇
第11課,ユニット1,えっと,①,感,（表示在思考或犹豫）嗯；那个
第11課,ユニット1,誘う,さそう①,他Ⅰ,邀请
第11課,ユニット1,天津,てんしん①,固名,天津
第11課,ユニット1,北京劇場,ペキンげきじょう④,固名,北京剧场
第11課,ユニット1,劇場,げきじょう①,名,剧场；剧院
第11課,ユニット1,前門,ぜんもん①,固名,（北京）前门
第11課,ユニット1,開演,かいえん①,名・自他Ⅲ,开演
第11課,ユニット1,夕ご飯,ゆうごはん③,名,晚饭
第11課,ユニット1,正門,せいもん①,名,正门
第11課,ユニット1,やったー,③,感,（表达事情如愿以偿的喜悦感）太好了！
第11課,ユニット1,で,,格助,表示动作主体的数量、范围
第11課,ユニット2,きっと,①,副,肯定；一定
第11課,ユニット2,影響,えいきょう①,名・自Ⅲ,影响
第11課,ユニット2,お芝居,おしばい①,名,（礼貌说法）戏剧；表演
第11課,ユニット2,芝居,しばい①,名,戏剧；表演
第11課,ユニット2,例えば,たとえば②,副,例如；比如
第11課,ユニット2,歌舞伎,かぶき①,固名,歌舞伎
第11課,ユニット2,バレエ,①,名,芭蕾（舞）
第11課,ユニット2,オペラ,①,名,歌剧
第11課,ユニット2,出会う,であう②,自Ⅰ,遇见；碰到；相遇
第11課,ユニット2,宝塚,たからづか③,固名,宝塚（歌剧团）
第11課,ユニット2,出演,しゅつえん①,名・自Ⅲ,表演；出演
第11課,ユニット2,ほう【方】,①,名,方；方向；方面
第11課,ユニット2,実際,じっさい①,名・副,实际
第11課,ユニット2,なかなか,①,副,相当；非常；一般（不）
第11課,ユニット2,将来,しょうらい①,名,将来；未来
第11課,ユニット2,演じる,えんじる①,他Ⅱ,表演；饰演
第11課,ユニット2,得意,とくい①②,名・形Ⅱ,熟练；擅长
第11課,ユニット2,踊る,おどる①,自Ⅰ,跳舞
第11課,ユニット2,苦手,にがて①③,名・形Ⅱ,不擅长（的）
第11課,ユニット2,関係,かんけい①,名・自Ⅲ,关系；相关；有关
第11課,ユニット2,応援,おうえん①,名・他Ⅲ,帮助；支持；声援；助威
第11課,ユニット2,より,,格助,（表示比较的标准）比
第11課,ユニット2,に,,格助,表示状态、程度认定的基准
第11課,ユニット2,けど,,接助,虽然～但；可是；不过
第11課,ユニット2,の,,格助,表示连体修饰语从句中的主语
第11課,ユニット3,伝統芸能,でんとうげいのう⑤,名,传统艺术
第11課,ユニット3,芸能,げいのう①,名,（大众）艺术
第11課,ユニット3,能狂言,のうきょうげん③⑤,固名,能与狂言；能乐狂言
第11課,ユニット3,能,のう①,固名,（日本传统表演形式）能
第11課,ユニット3,狂言,きょうげん③,固名,（日本传统表演形式）狂言
第11課,ユニット3,文楽,ぶんらく①,固名,（日本传统表演形式）文乐
第11課,ユニット3,とも【共】,①,名,共同；一起；都
第11課,ユニット3,三大-,さんだい-,接頭,三大~
第11課,ユニット3,もともと,④①,副,原本；本来
第11課,ユニット3,奇抜,きばつ①,名・形Ⅱ,奇特（的）
第11課,ユニット3,格好,かっこう①,名,外观；打扮；样子
第11課,ユニット3,ストーリー,③,名,故事；情节
第11課,ユニット3,当時,とうじ①,名,当时
第11課,ユニット3,行う,おこなう①,他Ⅰ,举办；执行；实施
第11課,ユニット3,珍しい,めずらしい④,形Ⅰ,少有；罕见
第11課,ユニット3,人々,ひとびと②,名,人们
第11課,ユニット3,びっくり,③,副・自Ⅲ,吃惊；惊讶
第11課,ユニット3,それで,③,接,因此；于是；因而
第11課,ユニット3,あっという間に,あっというまに①,眨眼间；转瞬间；迅速
第11課,ユニット3,間,ま①,名,之间；间隔；空档
第11課,ユニット3,大流行,だいりゅうこう③,名・自Ⅲ,非常流行
第11課,ユニット3,流行,りゅうこう①,名・自Ⅲ,流行
第11課,ユニット3,その後,そのご①,名,那以后；其后
第11課,ユニット3,江戸幕府,えどばくふ③,固名,江户幕府
第11課,ユニット3,江戸,えど①,固名,（东京都中心地带的旧称）江户
第11課,ユニット3,幕府,ばくふ①,固名,幕府
第11課,ユニット3,少年,しょうねん①,名,少年
第11課,ユニット3,禁止,きんし①,名・他Ⅲ,禁止
第11課,ユニット3,役者,やくしゃ①,名,演员
第11課,ユニット3,隈取,くまどり①,名・他Ⅲ,脸谱
第11課,ユニット3,血管,けっかん①,名,血管
第11課,ユニット3,筋肉,きんにく①,名,肌肉
第11課,ユニット3,表す,あらわす③,他Ⅰ,表达；表现
第11課,ユニット3,英雄,えいゆう①,名,英雄
第11課,ユニット3,青,あお①,名,蓝（色）；青（色）
第11課,ユニット3,悪人,あくにん①,名,坏人；恶人
第11課,ユニット3,茶色,ちゃいろ①,名,茶褐色
第11課,ユニット3,魔物,まもの①,名,魔鬼
第11課,ユニット3,化け物,ばけもの③④,名,妖怪
第11課,ユニット3,さまざま【様様】,②③,名・形Ⅱ,种种；各种各样
第11課,ユニット3,物語,ものがたり③,名,故事；物语
第11課,ユニット3,ジャンル,①,名,领域；种类
第11課,ユニット3,独特,どくとく①,名・形Ⅱ,独特
第11課,ユニット3,装置,そうち①,名・他Ⅲ,装置；装备
第11課,ユニット3,完成,かんせい①,名・自他Ⅲ,完成
第11課,ユニット3,代表,だいひょう①,名・他Ⅲ,代表
第11課,ユニット3,多く,おおく①,名・副,多；许多；大致；大多
第11課,ユニット3,ファン,①,名,戏迷；歌迷；粉丝；~迷
第11課,ユニット3,魅了,みりょう①,名・他Ⅲ,吸引；迷倒
第12課,ユニット1,忘年会,ぼうねんかい③,名,（公司、团体等年底举行的）联欢会；忘年会；过年聚餐
第12課,ユニット1,思う,おもう②,他Ⅰ,认为；觉得；想
第12課,ユニット1,予定,よてい①,名,预定；预计；计划
第12課,ユニット1,会場,かいじょう①,名,会场；场地
第12課,ユニット1,出し物,だしもの③②,名,节目
第12課,ユニット1,たぶん【多分】,①,副,大概；可能；也许
第12課,ユニット1,演劇学科,えんげきがっか⑤,名,戏剧专业；表演专业
第12課,ユニット1,志望,しぼう①,名・他Ⅲ,志愿；愿望
第12課,ユニット1,主演,しゅえん①,名・他Ⅲ,主演；主角
第12課,ユニット1,女優,じょゆう①,名,女演员
第12課,ユニット1,脚本,きゃくほん①,名,脚本；剧本
第12課,ユニット1,男優,だんゆう①,名,男演员
第12課,ユニット1,現代版,げんだいばん④,名,现代版
第12課,ユニット1,-版,-ばん,接尾,-版
第12課,ユニット1,かぐや姫,かぐやひめ③,名,（日本故事《竹取物语》的女主人公）辉夜姬；赫夜姬
第12課,ユニット2,男の人,おとこのひと⑥,名,男人；男子
第12課,ユニット2,あげる,①,他Ⅱ,给；给予
第12課,ユニット2,愛,あい①,名,爱；爱情
第12課,ユニット2,輪,わ①,名,圈；圆圈；环
第12課,ユニット2,右,みぎ①,名,右；右边
第12課,ユニット2,次々,つぎつぎ②,副,一个接一个；接连不断
第12課,ユニット2,渡す,わたす①,他Ⅰ,交给；递给
第12課,ユニット2,止まる,とまる①,自Ⅰ,停；停止
第12課,ユニット2,自分,じぶん①,名,自己
第12課,ユニット2,スタート,②①,名・自Ⅲ,开始
第12課,ユニット2,もらう,①,他Ⅰ,得到；拿到；索取
第12課,ユニット2,ストラップ,③,名,带；吊带；坠儿；链儿
第12課,ユニット2,ぬいぐるみ,①,名,毛绒玩具；布娃娃
第12課,ユニット2,くれる,①,他Ⅱ,给（我）
第12課,ユニット2,過ごす,すごす②,他Ⅰ,过；度过
第12課,ユニット2,お正月,おしょうがつ①⑤,名,正月；新年（礼貌说法）
第12課,ユニット2,正月,しょうがつ④,名,正月；新年
第12課,ユニット2,旧暦,きゅうれき①,名,旧历；阴历
第12課,ユニット2,つもり,①,名,打算；准备；想要
第12課,ユニット2,喜ぶ,よろこぶ③,自Ⅰ,高兴；欢喜
第12課,ユニット3,振り返り,ふりかえり①,名,回顾；回首
第12課,ユニット3,今学期,こんがっき③,名,本学期；这学期
第12課,ユニット3,振り返る,ふりかえる③,他Ⅰ,回顾；回首
第12課,ユニット3,学び,まなび①,名,学习
第12課,ユニット3,達成,たっせい①,名・他Ⅲ,达成；完成
第12課,ユニット3,○,まる①,名,圆圈；圈儿
第12課,ユニット3,△,さんかく①,名,三角（形）
第12課,ユニット3,復習,ふくしゅう①,名・他Ⅲ,复习
第12課,ユニット3,きちんと,②,副,好好地；规规矩矩地
第12課,ユニット3,自信がつく,じしんがつく①-①,有自信
第12課,ユニット3,自信,じしん①,名,信心；自信
第12課,ユニット3,タスク,①,名,任务
第12課,ユニット3,果たす,はたす②,他Ⅰ,发挥；起作用；实现；完成；达到
第12課,ユニット3,出身,しゅっしん①,名,出身；出生地
第12課,ユニット3,構成,こうせい①,名・自Ⅲ,构成；组织；组成
第12課,ユニット3,経歴,けいれき①,名,经历
第12課,ユニット3,熱意,ねつい①,名,热情
第12課,ユニット3,基本的,きほんてき①,形Ⅱ,基本的
第12課,ユニット3,述べる,のべる②,他Ⅱ,陈述；诉说
第12課,ユニット3,準備,じゅんび①,名・他Ⅲ,准备
第12課,ユニット3,日課,にっか①,名,日课；每天的必修课
第12課,ユニット3,好き嫌い,すききらい③②①,名,好恶
第12課,ユニット3,身近,みちか①,名・形Ⅱ,身边；跟前
第12課,ユニット3,話題,わだい①,名,话题
第12課,ユニット3,答える,こたえる③②,自Ⅱ,回答
第12課,ユニット3,インタビュー,①③,名・自Ⅲ,采访
第12課,ユニット3,意見表明,いけんひょうめい④,名,表明意见
第12課,ユニット3,意見,いけん①,名・自他Ⅲ,意见；提意见；制止
第12課,ユニット3,表明,ひょうめい①,名・他Ⅲ,表明
第12課,ユニット3,日常,にちじょう①,名,日常
第12課,ユニット3,理解,りかい①,名・他Ⅲ,理解；了解
第12課,ユニット3,宿泊,しゅくはく①,名・自Ⅲ,住宿
第12課,ユニット3,言語,げんご①,名,语言
第12課,ユニット3,対する,たいする③,自Ⅲ,对……；向……
第12課,ユニット3,深める,ふかめる③,他Ⅱ,加深
第12課,ユニット3,誇り,ほこり③①,名,自豪；骄傲
第12課,ユニット3,視野,しや①,名,视野；眼界
第12課,ユニット3,広げる,ひろげる①,他Ⅱ,扩展；拓展
第12課,ユニット3,異文化,いぶんか②,名,跨文化
第12課,ユニット3,コミュニケーション,④,名,交流；沟通
第12課,ユニット3,意義,いぎ①,名,意义
第12課,ユニット3,達成感,たっせいかん③,名,成就感